id,gender_s,age_i
972cb5ba-e2b3-4c93-9135-3e21b47dcec0,Male,26
d0d2ae9b-02d5-4795-80e3-17d3c90d8510,Male,20
1852c973-b1be-43b5-935f-5f401ecae846,Female,82
01b3d2a4-bb01-4ffe-8589-46e900aa8b75,Female,70
b3dae602-3be3-4029-9097-7d6e0c9255d7,Female,46
0a3666d5-bdc3-4b69-86d5-b8504d7f7742,Male,55
32852af9-a590-4a86-85cf-e15cc8470561,Male,58
f5cf57ab-3f97-46bf-be7d-3122f0dc5ed4,Female,79
43d7a348-3d65-4cfe-95f8-4f000548bdde,Male,93
9edee14e-4101-40ab-ad5b-dd018eb63cec,Male,20
a7a4fdc7-bbbf-41b9-8bdb-4478f1a07610,Female,24
b5131355-8c14-47bc-937f-46c8148b3eaf,Male,55
af8be65b-e45e-4254-b2f7-f13030562d93,Male,44
5cf7b2cb-390d-4c21-b76a-9a6b56ce075d,Female,73
20d0cff4-db46-41a4-8dd5-a357dc3c7e06,Male,29
9b417fca-172a-4dc4-b590-e0d94c6e9f48,Male,27
404b7cd8-8480-4d00-acd7-e38a38391a6e,Male,64
f4528b6f-ed63-4f38-b18e-22f42ba368c9,Male,50
647be4db-4975-4023-8e01-224eb6eaaee2,Male,97
2dee1945-4094-44de-8eb4-c2ce62aea632,Male,32
9139ce56-d6e1-4201-b797-61001b23e172,Male,27
bd1459cc-6b27-4574-b43e-0b7ee3aa06c8,Male,91
a6ca3abc-3f60-4173-9568-138a3b3bbb48,Female,46
ea3a0872-2357-47f1-9a5c-4b940da2ca23,Female,31
2cc9d48a-718b-46f2-883c-8d1d757e9419,Female,83
b786fd9a-04a9-488c-9136-ca784dc31c45,Male,55
7934b2c1-623b-460a-a401-352cb4d61162,Female,94
937d6136-dc2b-476c-b8ee-49327a8c8c7b,Male,91
1b3c6f55-8dcd-4691-bb2c-4bbd541a612b,Female,77
9b0fb7ed-ca23-4592-a782-22fd76f06f0d,Male,97
2b94e38f-b53c-4246-9d17-ccf536205855,Male,51
67e9fb6e-e006-49cb-8c3a-6f95b9f9d3e4,Male,37
c837a701-12a4-41f2-ab08-81241a28af99,Female,60
62014766-2561-4fea-9eaf-9fb756f633f1,Female,56
1edcc9ce-c6cf-49d8-8a78-d5dfbd90519d,Female,97
9a7524a4-e08f-44df-ad63-d6bafff202d8,Female,84
f53ea290-ffce-473e-97b7-beeee7987958,Male,21
8878013b-5624-49fd-9223-6bc083902639,Male,24
fe2c6c4c-d38c-4e10-ad9f-414792bf695c,Male,90
905b6de8-add5-452b-a4a1-7a8a3102db12,Male,36
9e61fcf5-251a-46cb-895e-5420d73c0d4b,Female,20
2a21ffa0-d299-4605-aea1-4dc47c2810ad,Male,20
766f470d-f10c-4364-a5d3-174aed596c33,Male,78
37c07124-0e4d-40bf-a02d-4d62dc81735a,Female,67
24a22b4d-1e2d-44a8-86ee-b273202e725d,Male,72
38788f4a-9083-46a8-b3c9-9f158a713671,Female,88
4fa09cc7-d1b3-4686-848b-72208b68f8f7,Male,24
d3f972a7-6908-4528-bb63-004035501f1a,Female,50
cf28ab16-d008-4165-8585-cf058a854543,Female,42
1aefaaba-cdbc-43da-89d8-165ae4de1378,Male,63
944186d9-57ac-42eb-8ee0-d7015f59fb00,Female,28
1f073117-f71f-4fec-8fbc-e040fb0261e6,Male,85
bd7e1fc5-4320-4e91-9e52-a776efba491b,Female,76
82ce40a8-0967-43a7-bf0c-51561a1cfdfd,Male,84
2f4c767a-477b-4685-83bb-9ba16bea4373,Female,53
f8594957-2193-40cd-b604-5fdc08ecda16,Female,26
72859afc-b823-4c85-a1ee-d5e6f533f878,Female,95
b8754aa7-135f-4251-8fe2-5c1f3198558f,Male,36
65ce2ca1-280d-4bf0-8bfc-d8c4cd45ffa3,Female,49
c86df8aa-02f0-45c0-9caf-2dbccb50fe5f,Male,97
539cef20-ec6a-4cb0-a25a-a5a8cca26a40,Female,74
22ea8ea0-3977-4f37-b39d-b579a13541ed,Male,63
b01e20ac-50e2-4cf0-822c-4523ea2fec93,Male,99
9d59218d-2b79-4d66-8f26-dc9a007bfafb,Male,82
bdc7f188-f482-40a7-9de0-d8dd7f3658d8,Male,60
344db331-d3a6-4fc6-87ce-593c0d1039c2,Female,29
c5a8d279-070e-4bcf-8227-eeb22d6385dd,Female,47
2013a373-9173-4d63-ac70-1ac8fbccbbbe,Male,80
1b570feb-caa4-4caa-8758-c520f1bd5fc9,Male,49
aba321bb-ffc9-4562-89c4-a52a707b9f67,Male,92
329dcbf3-1c4e-4853-b5e1-e138604f1b59,Male,18
220e3df7-368a-4f61-b78a-470e0bfa60d4,Female,31
c0590a27-aa89-4203-b265-032f2bb62800,Female,20
f11b4611-ef39-43ba-aeb3-3610df7ccc28,Female,95
0579d0b7-9461-4d32-96ca-fa2549c588c2,Female,80
78074f43-8eae-45dd-876b-8b003732e134,Male,36
0dcdcc85-4704-482b-88b2-b0ecc9d8a71c,Male,27
c16fd828-60a3-4447-bbee-92fd1289fb38,Male,33
9fe02ab9-5308-42a8-9589-030c13324b0d,Male,25
38847af8-04c4-47aa-87a0-38028cb7e43a,Female,67
3430ac90-7316-48a5-9ee8-ab092c190209,Male,28
e271d305-92f9-4cfe-b238-b71e19ab986b,Male,24
369ee41e-645c-4a98-9286-f55bb97bbe01,Female,43
49a5f4b6-d585-4ddd-80f5-9ec84044b968,Male,99
6dcbe87a-d792-43e0-adb5-2fcc31fcc640,Female,47
a9fcc36d-4c1c-4ef2-b861-d3cabf953527,Male,48
0295aafa-e2a8-4748-bd31-06e4c9c50d2d,Male,24
4c6387cc-6673-491e-ab8d-f6b0e5cee010,Male,38
d943f416-12a3-4f1b-9234-a2b7feffd18d,Male,92
69916d3e-cf2e-4203-a057-bdaaaaccf7aa,Male,33
782b45f5-4c4f-4bb5-8906-38c34ab5a2e8,Female,42
01a333a3-ab8c-46d7-9187-c3714a4526cd,Male,38
5ddcae54-f5c5-40e5-8117-bd8ca2cdd6e1,Male,45
aee05e26-b647-4470-aa9c-b634592c9792,Male,75
cbc9828f-b039-4d6f-8a03-1c3b22ac63a4,Male,97
47b5627d-d7f5-436f-8677-3bec792caa69,Female,47
f66fdc36-de00-418c-be73-87177e34b186,Female,92
f63a55db-8074-482b-a0f6-155fcff94136,Female,71
5b338361-2ee6-4cf9-a757-b061e35249d8,Male,40
77706430-4204-4a10-9ffd-aaf11f7fb02b,Female,52
dab1d05e-d024-4b9e-927c-c18dd6a5e4b9,Female,95
14a25d6e-2ecc-4914-9ff8-1b3b924be948,Female,38
33596ba5-8a56-4adc-b35b-15d6aca5bf93,Female,54
44c178a0-41cc-4bbc-9cbf-d594cf7632ed,Female,84
f812ce48-a9d2-4181-b72c-efa48db37b82,Female,27
31526aec-6d7b-4409-9c3c-4b0a02a58f84,Male,37
77bd8cbd-1951-456f-bf31-31d984379adf,Female,90
3af0db72-b83b-482b-8da4-992470fb1aa0,Male,85
f4652fa9-cad1-43bc-ab17-ea16a97f2af5,Male,37
7767124a-a476-426d-bdfc-79d8628c85a5,Female,24
65667f34-6217-4b99-b442-64813a63223d,Male,45
361604ac-04f8-42b6-b956-65c482d1b349,Male,82
cca9b9dc-a0df-4292-a44d-1d7866bc2655,Male,69
9acc48f5-8eb6-470f-8d42-e429d090e362,Male,85
5f9b1c61-ce7e-4fc4-b8bf-822c1a782006,Female,29
724d3277-a69b-4285-babe-6da7552ce5b2,Female,58
2faac11f-56b7-4478-89e4-62e9134ed22d,Male,54
3d63840d-4e09-47be-a418-19e6ba1185d3,Female,82
aedca9fc-da1d-41d6-87c2-9e9503ae6214,Male,67
748cc511-5ba5-4d51-a3b5-07a322e0387d,Female,26
b7984090-8075-4ffa-9bff-5797a92ff42f,Female,40
c0fff418-0712-479c-bda2-29dbaa18d745,Male,43
52db81e8-9801-4202-ac7c-6e096700a0a3,Male,47
8aa0cb10-2250-440c-bb32-daa18b1fb2f6,Female,27
95b8c7da-f9b3-456f-ba26-cdd58445e44e,Female,24
8beebf40-98ef-495e-9dc2-354edc7b8af5,Male,49
cb2fc9e3-447b-4b70-b4a6-649d1a014613,Female,42
ba18a6cb-3da9-4900-8de5-109c6375edb0,Male,39
6750fd2a-ba8b-4f98-959d-0ab94b5bc0a8,Male,27
9a4041e6-9bc4-42b4-b584-09638aca922b,Female,78
85aaefcd-0a3e-419e-a11f-0c31faf29177,Female,81
24583658-8624-4798-a4a8-fa33b2daabb5,Female,18
4c6de1f7-efa3-4a0c-9276-ac1c21b425af,Male,47
019eda9f-3130-4d5b-be98-a31004b739ae,Male,19
d5001eab-495f-46e4-9c60-8a3da49cd0de,Male,85
fb1b105f-734c-4f38-b300-27156274a324,Male,81
510829cc-6ff3-4689-99b8-eaf7bb649ea4,Male,78
1db92eef-cacc-45b0-a0e0-195a37be39f9,Female,47
974a29b9-a78d-4e3c-821f-8438ee699abf,Male,73
c02d9c39-53f7-490e-a686-e0d20a0fc960,Female,58
440016f9-9fee-4fb8-a7ad-407c84892de9,Female,87
eb08afce-223f-48da-b3a5-ba89d58eadbe,Male,62
c6cf4826-abf2-4df1-b1f4-af0af3a84bd5,Male,44
c715462b-3719-4fe3-bda9-38fbffed9d23,Female,49
1f1931a5-0add-4153-9c6d-154bc9c365a1,Male,63
e087b1d5-5696-4809-bbe6-9dedebc3267a,Female,55
912c866a-8ca6-4e93-9061-568f92ab3914,Female,86
25cfd9b6-48d4-4096-8688-696f2a4c4f83,Male,94
78f8d41e-abca-48e5-b37f-2fd2dbb139af,Female,27
8772b0c8-10d4-4bf4-9308-c4049c66a43c,Female,53
5f6166ab-833e-468c-a703-65ce6be2f7d1,Male,69
2eb7ea46-8523-42da-999c-3e713bc05c46,Male,84
26ad04f8-4806-4d15-ac24-e706186fc0c7,Female,48
6d7c9eaa-f0e3-4115-9066-34f6900f6145,Female,49
18404aff-8a8d-486d-a193-f02df89a3493,Female,32
a5268b09-9938-413f-ab83-6da38de5510a,Male,58
2d50ce34-92cc-47e0-b4b3-0fb21366508a,Male,40
9f879c25-eb55-4379-bda4-fbba02091bfe,Male,65
77289cd4-d5f5-47a7-8707-3899987ed990,Female,54
b7827629-cd28-4afc-84aa-2fb6bec49bf1,Female,67
e16b2150-f72c-494c-8868-1f60275a494e,Male,26
13b6f02e-ddc0-4e01-b788-b428d90769d0,Female,71
d6e4d15c-67b6-4da1-b3fa-830557fbfbbf,Female,58
17545419-8b04-4f83-b0e0-b9ff380338e0,Female,65
5252db0c-74cc-4db0-9cae-faadc1bc0693,Female,82
7c04d81e-058b-4f32-b071-5cfba248e1db,Male,54
1f5a3f9c-673e-499b-94cc-60663d22a1a2,Male,80
75b673fb-2d8c-4682-9297-215710de9794,Male,60
bac57533-0b91-489b-9e2b-cce68b4ef6b0,Male,54
6add4965-65a6-4867-afb8-70044b23b3fd,Male,61
827cd544-7dad-4d55-97a6-6378a9ac517f,Female,95
c00dcadb-275c-40db-ac42-fd82baf137c7,Female,41
8e9b3b76-5a74-444e-86d7-e73a76e02097,Female,56
7fbc94cb-d27c-497d-8221-f45255105999,Female,74
55e1d21d-ebfe-4050-b429-e89d2b798edb,Male,87
48196229-7b5d-4224-b325-048aafcdcbbb,Male,46
83487b84-e2f6-42ab-a533-ed32b8a13452,Male,81
107e0405-556f-43b5-aa4d-1a37d9ba1cd0,Male,46
43ed13fe-f7d0-469c-b258-a1704298042c,Male,66
d761dfe4-e30e-4e75-a64a-155bdb9111c7,Female,49
19d90b40-d67b-42a6-a1df-c8085a5d322d,Female,54
2ed5a709-4d14-4ed8-8442-11185be569d6,Male,71
1ace7eec-e23f-4b3e-8501-71c4890b3850,Male,60
fc7b2dd8-1bf2-4585-85cb-1a1d037e1803,Female,84
0d24fbba-561c-4428-8677-5b2484ebad87,Female,33
abc68705-fa5e-46fa-85e1-e8ecb6393771,Female,69
021af1f4-0bcc-4cc5-b75c-0c3872a507f7,Male,45
d02d0fc6-0c8b-4824-9f47-63f182a457a6,Male,69
22ce78be-894c-41c8-862e-d77f369174cd,Male,65
61c5338c-098f-41c3-a505-62b00516aa97,Male,86
aa4b748d-2f96-4b77-b2c6-564b169f3287,Female,31
5253597b-2189-4df3-893f-b0fc98849ca7,Female,19
86213896-2ea5-4618-8246-b700ed6cde1a,Female,71
99efca55-8675-4873-beed-189cac724f68,Male,32
d63dcecf-4bca-41de-928d-6c3c8a9c6447,Female,61
218b4f1a-6eb2-4d93-9d1c-7b91261af68f,Female,73
411bfe40-b458-4f22-b05f-f2a7fc1f97aa,Female,48
03819872-d7cc-4e87-accf-e42578e29270,Male,35
f10f15d5-dff0-4eb9-a208-dfb9e08db218,Male,93
e1137665-0f18-4977-bd75-2cda66b6ca5a,Female,63
cf6fbded-04e9-4cbb-8901-47a1d289ab7a,Female,31
b04a6451-27d7-49f7-a119-f456df272c31,Male,20
e9db1b05-a051-4cc8-b642-2b93e21c659c,Female,87
75a559e1-5c0c-4e9d-acbc-497e6954cc1a,Male,89
1aaea560-6594-466b-9319-e35df01e0514,Female,55
fca7f99b-fe6c-4566-8359-ae00b1597558,Male,98
81f6a6c7-9207-4b8e-8ae9-d8478595993d,Female,26
0276d539-2465-4d0e-a150-b5aceb94d21d,Female,39
e78edcbe-af68-489b-8470-c700092774ac,Female,68
ce350046-9851-44b9-b0d1-b6340e5f9ca3,Female,32
17d0f56e-37bf-4c4b-bb83-e4fc52c99827,Female,65
b392ffc5-4c9c-467a-a796-ee06d2457245,Female,57
5301dfbc-0123-4399-b3a2-f508c8db97cb,Female,88
9c22a381-8ffa-49ab-8441-0479a6077db4,Male,40
0ca80f11-b8ea-487d-b9c3-5de525a0e2b8,Female,61
3a95c505-42d2-48cb-b1c2-2307bb58318b,Male,46
879c060a-b44a-407b-8db1-fe5ef5c0daad,Male,36
5a45782b-c44a-4eee-9289-c852c21cad77,Female,84
a0e08979-b56c-4e10-80a0-c93324e5c261,Male,67
069414c0-66e8-4ef3-9213-41e71af854c6,Female,90
537db856-a63b-42ca-9400-24602fdbada8,Male,23
2bf821ff-e9f4-47c7-be0f-4913634e49a1,Male,40
1dc0ff54-940d-4fe8-b2fd-dec6610c63ac,Male,47
06a37bf6-c3f5-48b8-9c23-fc2ebfef668b,Female,24
1c0c14ae-792a-4c46-a92a-1259a9e3f25e,Male,82
694cf530-b298-4928-82c3-35da228e577a,Female,88
37dfc454-d593-4fd1-b30a-4038ff9fb071,Female,53
cbac8c26-7a47-4dd2-b785-5d68c2fd1007,Male,60
c03f3361-95b5-4084-9cf3-96591df9e85d,Male,77
81f506e7-bbe3-4f5e-9a26-1be7106a1282,Male,62
f8204ed1-e3ed-4029-89f1-65e01dc12f3b,Male,32
57a18112-555b-4f85-8c78-20db4b90f2cb,Male,47
8fbc514b-9aab-475b-b89c-7acfebf5f310,Female,66
003e6465-24dc-4c65-8144-d8f78a9e9f93,Male,78
224626a7-620d-42e8-ad53-06225f40a06e,Male,22
27174915-5b98-490e-b03f-02176fd73b0a,Female,87
e361bf75-49da-4bc1-ac19-46db4ffb69e4,Male,84
9bff2068-af39-4c37-97c5-033c9c7720c4,Male,73
f38b65ad-6c8c-426c-a06c-baf2c6752ecb,Female,39
c5f925a1-6865-4f45-86a9-986f053135f0,Female,37
51f9d41b-41c8-4682-894b-48221ccf0b0d,Male,31
84a064cb-8d53-4fc8-b301-76661ce7fae8,Female,62
42aaada0-f69d-42cc-94b1-27a60897e077,Female,93
463caa76-0ce7-468a-8550-666484e8633b,Female,80
a10e4a44-2992-49c6-bb59-5e6d179db91e,Male,31
bed409d8-ce28-467c-ac1f-ae731a4a5aa0,Female,38
fd604281-f06d-4862-992d-a6e5fc58c5b9,Male,35
87af7a0b-2a12-41d2-b575-d6142691357f,Male,35
e3f05a7c-8952-41ed-8da1-1975d9fd0cd7,Female,57
e0901ec6-970a-4090-a315-f4061b15f673,Female,65
2837494f-4b46-497e-abad-437be341ce21,Female,20
ac745a85-6131-40ec-ad14-221d7368a1f6,Female,74
2aea897a-f3d4-4de1-a2bf-fa42efc2cbf5,Male,29
7fde79ed-870e-4ec6-9318-70839a9befa7,Male,20
e31ba718-2a9c-47d6-b9b5-22b6c5d76075,Female,47
0339d7c9-ac9a-424f-9687-5ce8bb9ca676,Female,61
7c214eb2-a7de-4240-acac-9dcaf642317c,Male,55
e3252297-df90-4594-a323-364d68bda056,Male,72
b4f8d065-e1e4-49a6-9540-958817108346,Female,43
80979e3b-5486-4869-8dbd-89a4a33fe231,Male,83
375347ce-af06-42ee-85e8-40ceb8999321,Female,36
ee66617d-894f-4b16-b8a8-897c28a4b5cc,Female,30
763d8a16-cdaf-435f-be7c-1b0a759de1ec,Female,96
3d00f1be-7c99-4473-9fb3-84306ceeeeba,Female,86
7dcd639f-0d2b-4c76-a4a4-267f7bf4127e,Male,55
acc14ce9-de06-4cb5-b86e-f15295bd0785,Male,59
b6b7aee4-07d0-4b0c-8f71-1d3ea3f3e611,Male,62
2b430b69-8277-4bfe-8227-fdc85081753b,Male,61
57960d2a-1dfe-402e-95fc-3c484d6ba135,Male,38
f84cdcf0-c458-483b-8bc7-dc9f25c1ba80,Female,71
b720f325-f8da-4c14-85f1-bad97d2ead83,Male,78
281cd516-c087-47d6-a912-c752632ab0a8,Male,74
90d81af0-0b38-49a2-ac6a-ad637718303d,Female,93
940454b8-94b0-4c97-958d-5d41fdaa4393,Female,53
0129e837-ed7c-43bf-8e46-8207f51843b8,Female,59
39316dc7-4b5f-43e3-9084-30111cf475a2,Male,40
101d5aed-1d9c-4497-a01d-21ec7240cbf1,Male,20
23de4b81-5a0c-4c35-8162-aaec25552c7e,Male,62
5c56e4f1-ae21-47dd-b6dd-461313ecc63c,Female,42
23aa23f4-e3f6-426a-8090-c9490d7bbe98,Female,77
065c6386-d119-4404-acf7-d9b599c25460,Male,85
123e874a-3931-4772-8382-81fa9277018b,Male,45
03747480-8129-4357-8868-f68d6e371122,Male,26
e0d9aa89-cc0d-4b09-a1da-db5757d599fc,Male,52
ed9cb09f-3243-4ab3-acfa-608732f21a3d,Male,67
5fc7347e-d955-4768-a362-a9a64382ad87,Female,66
fa01e71e-db73-4fed-835e-81c7b7ca8efe,Female,90
c14fae57-6de2-4af7-a116-a14b493075f2,Male,76
ff6e6b1a-513e-4089-a267-3483b9c93419,Male,18
07bc4627-f09e-47fb-a829-ca01701c853b,Female,56
98e54e59-5cd0-464e-9322-3f1f3f7a267b,Female,58
24e48a78-4f84-48e3-bc3f-77be2ac81604,Female,53
d4d72e99-050b-4c24-bb04-c0ea1ad86d62,Male,90
bea2236e-6a22-4c65-bf65-67f330441887,Male,29
7355e0fa-c9d1-423c-abbc-71cbaf7f7c75,Female,99
441cd295-4723-499d-b8de-d4336f9cf7cb,Female,51
5f3e9905-bdba-49cb-b7ea-e66f32c44b0e,Female,89
c3d96475-1785-4529-8482-af7c91f5f11a,Female,46
8c1b306a-a330-474a-86a5-a3a29f1c16e0,Male,79
db95126a-f98c-4df7-82e3-c7928bc619b2,Female,53
88ecf54d-12d6-41ba-aa49-7556638b295b,Male,87
ccf8959c-d9e4-4b55-8312-79f718764bee,Male,96
f73912e7-333e-4ee6-98c1-5cf381e1c043,Male,48
6639dd69-c5c8-4f5e-ac13-08efbaa59d53,Female,42
2db5c036-54a4-48fd-8a02-d917bc2c2309,Female,35
580e01d7-ae57-4fc1-84a9-267f5cbdc694,Male,41
dfb7bb45-fb9c-4244-942d-8d426f1773c2,Female,28
c2d6298c-13f7-45c9-be7a-2a99534db9a2,Male,43
6f898a53-d594-4940-921b-9a7b81c960e2,Male,18
0d615ee3-886c-424e-80bc-d46b7200b5f1,Male,28
85611be9-da59-48a8-9afb-9d33850b9d7c,Male,45
77fdee00-bb64-45a8-866c-ca16e4db07af,Male,67
89920533-34c8-4e16-9e0e-b8d51156e5b5,Female,85
501c441e-3709-418e-9124-8ad1ee71dc2f,Female,66
252369e3-bd95-43c5-b13d-89e191b46af5,Male,80
6ef0d8bf-a4e9-4e6e-a878-7add2e3e6071,Female,48
2d5d8b16-008a-45fe-be41-4e15f4e1eae7,Female,55
b195e1d3-3a67-4c0a-a25f-f3d5eba7dbba,Female,52
2284b0c1-d64a-4333-a04f-345d610a0286,Female,31
c46a1e68-7d7d-4ec9-90fc-82273145e9a9,Female,71
e482e663-3b3c-426e-be1c-eebc402d7dd7,Female,92
07db1387-c7d1-4815-8133-ddd1ebe8add2,Male,21
cbc9bf2f-102f-4d14-901c-60d05e6fdf2c,Male,75
36cfc568-055d-4529-a2c0-bb3afd13e0e1,Male,48
55a805bb-977b-4ee0-9d0c-c31c3ea301e4,Male,57
09dd1763-4144-4234-9517-f377086952e1,Female,83
1b769ef0-dc92-4c78-aa82-d8fc78e20202,Female,91
f9689b01-4850-4081-9c6c-b400d0d0d347,Male,89
1497f515-72dc-4e9c-8469-eac67d3f6ef4,Female,78
43cd8038-99d9-4077-a3b5-5514a899c9c0,Male,71
c13fef5d-b9ac-44a4-be93-b2c62924cc56,Female,99
e87eaac8-6165-4891-a4fd-9d4e98fac22f,Male,23
0637eb3c-e3a5-4f8f-af7b-30891a61bf79,Male,74
db64e48f-e334-40f7-b4f8-611f9ef8a6fa,Male,60
8f81ab0a-281a-4fdd-933e-7d955ae4090b,Female,67
96d695f5-ac1b-4079-82d1-2d6bdba51515,Female,31
9a10e9b0-b67f-4d21-82e2-b50cad7440d2,Male,27
35fe17d5-eea2-4e38-ac7f-845f97c3c817,Male,59
7d95277a-594f-4200-8049-2cc211ce7577,Female,45
1e01985b-15b0-4147-86ab-7ad11a02d7a9,Female,44
d9cbe0df-5581-4463-9e29-7e69f32ba051,Female,28
54d3fcff-45d7-43aa-a10a-17e8abc0aedb,Female,18
c33f5fbf-5c15-433c-807a-02641646de70,Male,84
c2e4dded-9aaf-4185-934a-fe4a51dd3a0c,Male,60
2551b8f4-48bb-4f8d-a932-79c21c14b669,Female,18
e350fb99-4484-433b-b461-27c46f69ca00,Female,24
b58f1f90-5c09-46a7-a416-0b5dac647452,Female,95
92423ddd-960c-4944-9eb6-e219d1b24fe6,Male,45
61f3ee36-17aa-4769-abbc-4b46fb5b5513,Male,98
26b8201f-23f7-42b5-9472-8d62b1445699,Female,38
81c92153-2d54-4114-a564-918d6b3efd48,Male,82
b1cbf1c5-5c04-4f1f-a92a-47d75bc8bd6c,Male,79
8939afa3-8e6d-4f84-9dc5-590e8084c0d1,Male,71
ee2eeb10-111a-4452-b03e-690fa459fd24,Male,47
e72cd0d5-258f-4e61-a811-2c147f95ece6,Female,74
e993fe14-72dd-4e38-9b56-d86ad6a5cb6c,Male,99
777d373d-f5f5-4297-96e7-09197e218572,Female,47
c4218294-6447-4353-a6ca-7df0adb48881,Female,61
0d5d74df-a9e8-445b-9259-0018ce4f9162,Female,19
c78f8804-d052-4925-80e9-b090a7c78e21,Female,63
c203867f-9688-4594-bae1-7df9eb84d729,Male,66
0428e4b7-8e9d-47e2-8465-a02475c94e75,Female,61
6a142549-9de0-430d-9c4f-2a9745856720,Female,47
180eb803-0465-49b5-af6d-f4ab01defb03,Male,47
ca5f626c-8ce3-4988-940c-46e54d663dac,Male,38
0485a7f1-198f-4224-9862-974abd52c944,Female,77
d1eb4110-81e7-4a24-925f-f1e46e8a48ca,Male,19
75871a87-f541-4723-b49c-f5f5ebc3e4b0,Female,23
169545cc-eb29-48bd-b3fb-459875aa785e,Female,70
0094999b-c25a-4f56-8472-7fbb30850cc9,Female,41
6d0ffbd5-ae06-47bb-92a0-c76136e75450,Female,40
546223a9-ac21-4041-a91e-406acd2b53e7,Female,60
c6125830-db70-4185-8bea-bf31e0e505e3,Female,88
6505fd24-d386-44ad-8c97-98302c6917b0,Male,52
1982844a-9c0f-4c3c-ae25-ba56d877dc4b,Female,80
5084eb25-4eef-4783-ab48-80c26191af39,Female,35
8bf476e0-06a1-4f73-81ad-7df1fc559c05,Female,25
c0154f24-06f3-4bdb-8c2f-56804d4622d8,Male,23
b280d3e5-d953-4e96-8e62-ca9210afb6b5,Female,94
b8272740-14b0-4b82-82d5-4c45935e31a0,Male,52
192d3a12-88a0-460b-bbd8-a071b3f9a29e,Female,82
e228d9fb-6abf-4e9b-b031-359ec0d956dc,Female,29
4f2a9100-dd30-427f-822e-10e7af80a0ba,Male,38
60a71b97-79cc-4a35-818a-734d5974ef3c,Male,80
74c87b77-31fa-4a87-9712-f9d3944f3056,Female,28
596f2d43-b191-4139-aab4-72a8b1ae09e1,Male,41
cd31f35c-3959-4cd5-85ab-af2a9c496993,Male,64
24d4801d-83fd-46d5-97be-26c5904f4edf,Male,99
f3fba4e0-7c04-49a8-b562-736550385f53,Female,24
8e27fbe1-5ee5-4a95-a7b0-a3d9d30005b9,Female,83
0659815d-f24c-44f3-96d2-062c36c93946,Male,41
5ac47113-ef06-4ac2-bb34-637310dce386,Female,79
072eaff1-9b5b-4187-a473-ac38833ff75d,Female,18
e1b53c4a-76f7-497e-b2d3-32b15e4f8b3d,Female,77
e1e1b46b-c128-4cf7-bdbf-05c6ad1aadb4,Male,70
b9688639-0113-4ffa-a52a-283c96f2c25f,Male,42
d571e942-fe3f-4859-b009-153fe0e15823,Male,74
f0a425ff-12fb-4ef0-86a4-b6af52a626ae,Male,47
d459a9fa-f781-44ee-8552-25c731598c8f,Female,92
ab166ebe-be84-41fb-bc67-2c404eba0316,Female,82
f4106c0f-4f25-49f0-aee9-42ec8149515e,Male,66
ac02111e-9716-4cf9-9ff4-0e830cfe5c6b,Female,47
77325fac-7e18-4a5e-99b1-87fe9ed3d2f2,Female,41
fe08a3bd-04b5-48f8-a5fa-2697faba0e31,Male,41
30a332ff-a4ae-4842-934b-998e19e66020,Female,92
c772a1f7-6f95-4077-b819-a428af48e599,Male,70
4619a196-de63-4c6a-b2f3-07ea0bf359a1,Male,67
4729fc25-87dc-4590-903a-76e128ab642a,Male,44
b29efbeb-d7cd-4a7b-8144-fee56844ad00,Male,30
aa060d35-ba61-4c25-af47-86fd895c9056,Male,89
7e3fe6a6-72b1-409c-9a55-e8892f2c58f1,Female,24
2e7f9048-ce6f-4743-9a9e-c86d5b0cc9fb,Female,62
edd4842a-4c07-4ae8-adf3-aa34f095efab,Female,90
5a292f5d-83af-43ab-994f-e16ff8d2d103,Female,42
9d9e8185-1130-42bc-9b6b-531a35e60d86,Female,97
0bbd6dd0-5ee9-4cd5-bbce-a706e29d922a,Female,39
a947469b-0d3a-4cde-be53-8881d239eb99,Female,32
e1d680cb-d262-4f13-ab7d-560522dfecd4,Female,61
87f6ffd1-92f0-424f-b4b0-0b82fa72304f,Female,67
cad772d4-370c-446d-80df-87e3a7dcb50a,Male,76
79812673-1b1c-4ba9-8fc2-911fbc08605e,Male,45
3a83fc81-9fed-4b18-a76e-b724dd3f46c0,Female,61
ca13ebe4-e717-40b9-b727-304c08ddb2ee,Male,53
c110907e-7ab2-406d-a978-8207f1e5d577,Female,65
efc0ccc5-9373-4637-80f1-33c4e5261699,Female,32
b33bb7b7-c5f7-46c2-b88a-ba6006c942c5,Male,22
44278728-6036-4660-9844-c13433c7c55c,Male,58
e208ba64-4756-410f-8acf-bf99883c332b,Male,72
8b6b89da-477f-496e-86e3-eb0364d12baf,Male,43
b3c64b8e-ae77-43c4-9f69-7b5ec5b0291b,Male,31
dd4314ea-4e93-4622-91a8-60e9117c935b,Male,79
47c51ced-d0f5-4483-afd0-c9a56a66e5c6,Male,82
d5626897-acf1-466a-bd41-a33a80d2f16b,Female,75
ca03044f-12ec-44d4-aaaa-229057b4a205,Female,43
9b64a354-333e-422b-b615-e899fefa6a4e,Female,26
815f37aa-01f6-4758-af78-bd027972180a,Male,99
80f521e1-9fdd-445b-bbf1-35a3293338b5,Female,49
c78dbec0-e686-42b5-a4fd-a4142765e86f,Female,19
d5096658-19d4-492f-a2bf-0a9435a43a81,Female,96
ff66ac69-f307-41b8-8ddb-de1029c4d080,Male,41
90aa1ce9-d783-4bc2-9346-1a5a6ad119ac,Female,60
a7fb7e57-c554-4afd-8189-ebb56cc4166d,Male,82
915892fa-f1c0-40c4-9967-d2ea338d237e,Female,46
ec70ff95-f8ac-476c-a3eb-f5d51b385366,Female,94
fe0e1416-5aeb-4540-9c65-b7931832f44c,Female,24
ec0f8dd6-26c9-40a3-aee2-2e24a46f8783,Male,36
bd64c628-5b27-4351-9351-6782a35ef855,Male,97
d18e0595-7ce5-4bc3-b155-b4b32edd0903,Female,36
c22003d0-29f5-4d75-8978-74a868294ce1,Female,35
566d9acd-d3a6-4b76-a7d2-4db5a64ca2e5,Female,68
0c253589-4138-4f62-bb26-c7ec742bc5d2,Male,79
25935636-603a-4d8d-ac02-ffb937532eed,Female,69
c6a2711d-18f4-4725-bd4a-93014f295b5b,Female,88
47d88cc0-684b-4ebb-a30a-84e08b435831,Female,73
67685d8e-c5d0-42ac-9018-84de6dcae7b8,Male,47
85b202f9-a884-40bd-b96b-f9adafaf3466,Male,20
0121f9a2-a2bc-4c93-a63e-039c2c7fba6b,Male,71
0fcac80d-d9af-45b0-81e3-7b033fa6b12e,Female,87
34fa4c01-751c-4c99-930b-82fb8d42cfaa,Female,79
8204dc53-e131-44a6-939f-3a0d9f950ec1,Female,51
7201c500-1427-4bbc-876b-304e404bfd32,Male,77
eefe800c-0694-4c48-bfd4-fc6fd6b89689,Female,95
24e100ba-8f27-45e9-9f48-e85378c60eea,Male,62
d666448b-9794-4658-b119-e80ffc2336d1,Male,88
ecb743f4-18c6-4cb3-8de0-6e6c31d56692,Female,95
0bb54a47-9616-4387-8cc9-ab160c4a5187,Male,74
8bb38867-bbd4-4270-b1df-187e9b66be5d,Male,56
053d24e5-a589-40c9-b1d3-c05d13e18777,Male,91
95729648-532c-49f9-b880-07a6260d1de5,Male,93
43a0126a-60bd-4c4d-a1db-cf052f090dbc,Female,36
bfe7d53a-9fb5-43c4-a84a-696f0b0d8f77,Female,38
615b54ec-a9a6-4de9-8597-7ab5fe853356,Male,26
bd512992-18b9-4a3f-bc13-f6757d525959,Male,78
8773fbc4-0de9-44b5-8132-80eee944559b,Male,26
12589587-cb23-4214-a51e-f417b92409cb,Female,91
221b6918-5657-4a5f-9f95-f90ba60a199b,Male,39
41264959-e88f-4603-8dab-ce74125d2344,Male,62
1a9d0ea1-9793-4d16-9adb-8fa9a42f6740,Female,41
021e4347-c625-4665-913c-bb8f300e440b,Female,89
2ee73528-f763-4782-8bd5-55f5ba85b361,Female,27
80274073-f6b4-4eff-88f8-8d1d2111cdad,Female,41
9a47783a-0da7-4ebe-80ee-2889b0b8f47b,Female,66
fa647ecd-29d6-4b37-ad7f-e1f22e31ae05,Male,48
de50c5a9-5873-4ae7-956d-d58cc99cba87,Female,33
cb8abe4a-e5db-436f-9cf0-9c1266f699c5,Female,71
ef70bc23-3283-4a15-8f97-1c835c4369a4,Female,24
109f8edd-12d5-4a84-8e52-0a2ce2e00830,Male,64
fec7570b-d0a0-4e7f-9847-fd3f660abbb3,Female,54
b92fa9bb-ba77-4c7c-91dc-3960bba0c2da,Female,36
0e31ac3c-8bac-445b-84ae-af7eeefb1080,Female,40
c80c9207-564b-4897-bc5c-e33fe9960ef1,Male,76
cf12581c-3f6c-4336-ac39-bc21aeeeab92,Female,29
ce8155e0-21c4-440e-80cc-61c9628e1601,Female,30
bd89bf31-d15f-4e32-83f5-7fe799fc8ca9,Female,81
4173a4e8-695d-4c57-bb7c-b19c8a8091f7,Male,38
ae0ca929-eb0e-4d6b-955a-6d822dfbe30e,Female,67
d7d4da47-db11-491d-a779-934ec0c9ce29,Female,91
4eb7e2c3-e85b-4560-bfb6-b642763a11fe,Female,48
3cd4f1c3-52b6-4400-8e33-1d6620b11755,Female,44
f475d4b4-efb0-4031-8dde-45feb2ac2bc7,Male,28
1ff35418-d8cc-44e9-953f-80cfd1a8aa0f,Male,31
68b4a047-707f-451d-9aa4-88d45518b176,Female,19
63b86560-eb48-4660-b858-1231b2065a64,Female,18
afcf510b-1954-4732-9aca-0b2c1afcc30d,Male,49
5d744440-4d77-437b-9052-8688a257cf20,Female,87
68a4d3f7-1fd8-4941-89ca-66d52bd3da3d,Female,96
bb0484f4-697f-4e14-8b8a-f60501a0f664,Male,90
85b24907-84ec-46e6-be63-2147f7ac3553,Female,78
a29b07bf-c647-4df0-8cd8-6283605bba62,Female,49
9060e75c-97bb-4285-bcd9-00b95db32dcf,Male,57
9202248d-c4bd-47b0-8f44-d1591df5f088,Male,48
890e4bd8-510a-4019-9135-2d4242ee51ac,Female,99
38aef3d2-7b1d-4fd6-b746-5a03abcd844a,Male,70
163a743c-7ea1-4245-a2e9-753fefda47d4,Male,18
bcfbdfc3-0461-4a56-beed-2b3c154f0fbf,Male,87
542c626b-02bb-4c05-bb8c-4269eaca9c77,Male,94
46ae72a7-3cb7-4841-a49f-f04e50b66362,Female,27
1a2b38f6-7276-4d48-960e-18475714abae,Male,86
f2ed97f3-e780-4d6b-a8f2-699606073414,Male,41
9d8b9347-0d4c-46e8-85c8-77d81c8d9eee,Female,18
ad02112f-9ec4-4053-bc6a-594e57a203fd,Male,22
04d055fe-f9c0-4b58-8f5a-d50acc0df207,Female,43
175f5ffc-2cf3-4e8a-aef5-48f0241c08e0,Male,81
1b3a58ce-56a1-4385-8380-e99799f8ebc1,Male,32
b31541ad-ca94-4605-8b17-b2fc497e9bd3,Female,98
f34800b2-6ad4-416c-8cfe-6184b5502d64,Female,89
022311c6-e503-4b78-aac7-0a73d49bcba6,Female,48
e1c0c3c3-1acc-4642-b6fd-0ef1b6ddc106,Male,50
4686f27e-62d2-490f-b3ae-8d150c7d6575,Female,98
efca99ef-7706-4291-8c49-eeb12a59946b,Female,50
72806413-b78f-4dff-a499-4a6fd9322ced,Male,56
7c23d221-e63d-4783-b2aa-a21c0b873853,Male,26
84d584c0-fb9d-4ef2-91f9-dadfde3eec50,Female,48
e4846960-10cb-49cb-9263-fdcab47b0109,Female,73
f4ae4f76-5ca8-4212-a046-0c2eb2f8c0e5,Male,52
f71794b7-e391-4a3c-a884-3703f758890b,Female,21
4a929f4d-2b88-4b96-9d65-4f6ded5adb7d,Male,25
ae171ff0-a9d0-4143-80a7-439117c403ae,Female,39
87d180f9-b1f0-49a1-9de4-213760c03704,Female,54
30f524a9-7599-4aa9-9d4b-9b6ec36d2d30,Female,83
e872ac40-11db-47e1-b44f-1d41afc54d0d,Male,76
10712b0c-3096-4f8b-b5cb-820aed2b2830,Male,82
6e5ac5f1-6a35-4d00-b33c-7c23c0fcbcb7,Male,29
b320a0eb-3b3f-4d6a-a23b-2d419e2b2b73,Female,34
9ac9ede1-396e-4047-b22d-55364dda9363,Female,40
d8c21d72-0305-4751-83a7-5b4a93491094,Male,31
5906714f-2407-4165-8936-e8e023a3d742,Female,41
ee9794a9-5150-4c4f-8381-3228d782b624,Male,18
9c779b64-677b-4e3d-86e5-dc15da356bb2,Female,90
4684c135-fb1b-4aa1-b8e9-f75e602a4975,Female,36
f6070490-112e-446b-a629-03fbd3d62196,Male,55
fa0bf5b1-480a-4ec9-80eb-ae291b346021,Female,73
88e4947b-d882-4c94-9733-e1e7ffe05f37,Female,65
6cfc3c83-1049-4b5b-b225-5fe11d631d9a,Female,85
4dafb9ab-b2ff-46de-9913-7e08ad7d9a07,Male,88
2b4652bd-d68c-4980-8d9b-ad56be7827ad,Male,34
ba06f32c-f7c9-48d8-9eea-d6a3069f5f5d,Male,30
76122c31-b4a5-4a0f-b800-0fd358dbd9f1,Male,71
a610e50f-6972-4c1b-834a-4dd9ebd4cfd4,Female,93
fa1e01e9-d945-4951-887f-16d3d4a4495d,Male,71
cde7daf8-b324-4679-bf13-886cf7b22402,Female,88
107aecac-380c-490e-a6a4-d81637ec0924,Male,59
c48e6eba-305c-42e6-8620-ca1f52ce7ac4,Female,35
c45759e9-6ab7-4d3e-8eed-ffb7fbdf9f61,Male,56
a17f9150-148b-4865-acaf-1d49fdbf333a,Male,96
ecb0153e-2367-436c-ae10-2827c3c3e587,Male,99
a7c53d86-e58c-4fd7-a24c-b086b0ce10a9,Male,48
224ec55c-9408-46e6-852b-8eca268ebf5e,Male,24
4d5cef17-4f8a-4d00-97fe-314e89904fec,Male,57
b9f73b5d-58ac-462b-a54d-d550cf4667d2,Female,35
6e71d7e2-ef19-4eb2-ae60-5d0bb29ab7bc,Male,33
0a0da264-540c-484f-9287-599a56b0cfa7,Female,88
ed05cdd5-2c14-4dc2-a0f4-0a3536f12f0c,Male,30
11153cdc-5b09-4166-ba69-090a31a2b00a,Female,34
271e3c35-535f-441c-b4f0-977a0013ffab,Male,97
8cd2e27f-cd3b-4216-be92-8d876aec157a,Male,79
2c78919e-6b87-4be4-8ed4-8e3931836f66,Female,23
02d08507-02a1-41f1-81b9-142cf1df15c8,Female,56
5d789a33-6c87-4ee8-8742-2943698917c5,Male,65
b318397c-21fa-4fbb-974d-f7b15525ab42,Female,89
d067241e-558a-4439-a41f-b234237cc512,Female,76
65dd4578-a522-45f3-8411-60dab3a298bf,Male,72
dd432029-e808-4c4e-918a-b1ef66896176,Male,70
f311b293-20dc-4bcc-80e0-56dc77b9e193,Male,33
3e245d2d-d1c7-4042-871a-5b16aa13d7c8,Female,95
71322de8-22e2-4c2b-b799-a352e5ade41f,Female,87
81e65998-118c-4460-bae3-ba7bb518c057,Male,50
48c6da15-32d6-4ba7-93fb-0e7893ba7f19,Female,56
5defaf80-ad40-4f15-bb15-afa3a502ad3f,Male,68
5f06fbbd-6335-4c56-90a0-471435f36c71,Male,38
b8abcc43-e897-4807-8702-d7ddc9b2a155,Female,90
fbbd9f57-4b36-4688-8f58-9aa52dfe7469,Female,53
fd57848b-dbe6-4299-8fb6-2982e714ecff,Male,58
8e053527-f006-4980-9b05-d8e29c1e5d94,Male,95
417f3e2a-24a6-4397-b3c7-1db29bbde552,Female,63
201951b6-e387-4298-970e-ff4de11a19fa,Male,93
395bb691-91e0-490e-bd15-cc02accc2a78,Female,29
518ee904-133a-411c-b36e-6b894bff5cb3,Female,32
ec4ee724-e713-4089-85aa-99331b43af8a,Male,57
b75731a1-47db-469d-adf3-999ccb81aa2b,Female,73
244df5a9-09ba-4b6a-818a-8332dc39655b,Female,59
e65e0650-bbe6-46ff-8440-34ad5ba0ff37,Female,65
04de7ee3-7175-478c-bd31-dd9027f2f50a,Male,35
bc447878-48da-4838-a8ab-c1902d6c7764,Female,86
4ec5edb5-62ea-4cb2-99ab-ddf1bf00c2f2,Male,38
c023e1d0-a772-4795-af16-47d5cca07bae,Male,59
4f1441c4-5bb0-4066-bc82-06edf8f731ee,Male,71
0081bb9f-ef12-4801-b90b-1dd0d14c987e,Female,53
66bdb2ca-1cb6-415a-bc6c-878e5ca2f9a8,Female,95
b9f2fd5c-cd31-4861-99b1-1c1fcd14cb83,Male,56
284e8585-a9ee-4571-8ad2-7ea50bbd882a,Male,78
9094843d-ee92-4b3a-b9e8-ebfb3ec031e2,Male,94
616636d4-5bff-4c89-976a-a8e057ac6e30,Female,27
72a4e051-a589-4cd1-a3bd-a02fc338819f,Male,85
017e3737-dd80-4dd4-af84-7a2045adb5ab,Female,54
60300deb-7e47-436c-b942-614fe53f2e1e,Male,18
565f4b8b-ad3c-4147-97e3-c5d1f9239820,Male,99
11da57d4-db7a-4a6b-a0dd-8a25f5350ddb,Male,19
8bbf0b4b-04a5-448d-9e21-5e80a3cf2649,Female,24
4c2f3e3c-d1bc-4f41-ada6-3588befb2fd5,Male,38
3313d14c-29f3-42cc-9a1f-ca029020e6c0,Female,20
94910feb-9794-4ee7-8ed4-38fe617d63ed,Female,47
306bfb48-d4c3-4888-a6d5-706b4736e3a3,Female,46
9b31f26e-3af9-4bb8-9c17-35bc54bb1b01,Male,20
4b6cc1a4-98ce-41a5-89e4-84b5bce4a4ce,Female,50
3a4bd8b1-fd91-4c28-b81b-8c776d2a5ed1,Male,24
6735c07d-7d8e-45c1-91af-03120d017b94,Male,93
7fce0e80-6517-43ea-969a-4c56923acc05,Female,70
43c02a0a-d8b8-4b67-88b1-6d9bf248d7a3,Male,48
32523641-d70d-4fef-9796-7362d0a67fcd,Male,98
f2397b16-21c0-4e45-8b5b-a47561190d6e,Female,21
c2fe87ae-1648-47e5-bcf8-da1a1ddcf8fc,Female,68
112255aa-cfbd-4ea5-9402-4e07615e501f,Female,71
c533b92d-f9fa-4584-8b1f-85eb19adb429,Male,93
4841f70f-6233-4608-bbff-34af2b8ad63d,Male,21
e77e9b68-cfdb-4e2a-8bf9-91bc1c9e1acb,Male,21
98b7409a-777c-409f-9ca6-c1ab124042f7,Male,85
d273de25-ba3d-4bb9-a432-58ebf4dd129d,Male,44
db316602-eb90-4f4e-b22d-b8fd97bd9065,Female,83
7bc9b877-4545-47ed-a2ee-8da7a1e7ce32,Male,41
f8aa9fe1-332e-4306-9008-63ed0feb1b47,Male,77
4be2ff12-0758-44bb-9421-d615e2fea419,Female,87
9bd62cc2-0b49-4a56-879d-ac4c5d482304,Female,20
f0ee42af-a9d7-4fd5-8315-935faf8c7545,Female,21
9679cf63-06ae-44d7-a4fa-78d082bed6ce,Female,44
311b80df-1cc2-4852-98bc-4212bb85f919,Female,63
11d1063f-02c5-4717-9c2c-7331aeacacac,Male,31
03ed2e7f-8dba-4db6-9d4a-98cacca80f55,Male,26
00854cba-f9a7-41e2-8606-32ffbbac0c28,Male,59
0c7020d1-edae-4467-85ba-c95caff25e3c,Male,98
a486032e-1f60-4403-9cf1-1bc3eb5918d6,Female,99
c9b67757-9b0f-415f-8a6f-93e18e006c43,Male,67
92c7c6e4-a91c-4781-85f2-83fc4c32fc63,Male,54
3b1a349b-20fc-4a1d-8963-5030aa2bd1e6,Female,32
0a021374-ff40-4a7b-98bf-0d68bb889455,Male,79
0e3b967a-5107-46c4-ac10-d06d53c997ee,Female,61
8086b148-3416-458a-8e49-c182216ac1b0,Male,53
1a23db5f-37a6-48f8-9c33-f08fba7dfa98,Male,60
ca6d2e35-3208-4605-bd1d-64ea01e24af2,Male,71
53452cfd-db1d-4736-bf51-5ed647dc7f06,Female,79
28e0a9ae-6b0b-4079-b6a5-428a2582eba9,Female,80
bf4a7cc4-e2fa-4ba5-aebd-faeeec792030,Female,18
0ed9f1c2-9ab9-4d37-9739-8e4cd034ddf4,Male,65
c907e867-45d3-4f59-8f74-6095e4f740ce,Female,94
fff2be99-4509-47df-9baf-702b3b2a1694,Male,62
5ed21d9d-ed1e-46ec-b7f6-8c3b0880ab70,Female,91
f73c240c-d232-40f3-b165-ef2c2afc291e,Female,71
aeb20a05-f802-488b-85e1-a329dce046f3,Female,45
b8d5c078-d8d8-4d1d-90ac-908d49ffb834,Female,55
695bf975-fc05-488c-97ec-67196c9639d4,Female,78
db99eb85-29ac-4161-8b90-91fd7ac8bbda,Male,58
60c923c5-68b2-40dd-9e91-c5f2e0ee2722,Male,80
309f77aa-0701-4624-8994-aebfd88ba640,Female,63
6eee4530-f298-4cd7-9e7c-d53419531095,Male,59
7e9fb915-9b0c-42dd-b940-024bbf00f9d8,Male,70
ea459ff2-d7ab-44d8-9d5c-cab254a2a788,Male,60
0a8bf613-51b6-4023-98aa-fe1e21abfedf,Male,60
e56de929-5d58-4e85-a23e-38e8325b0245,Female,37
8066959f-40f7-4689-b1fc-b36be173c25c,Female,31
3a891a36-2a2d-468c-8950-3b0a798beab4,Female,26
70b8b114-d9b0-4dad-a90f-98a859c60e73,Male,18
062a8989-c3e5-4b7a-ae0e-d519ff7a14cb,Female,37
2ef293c9-b585-431b-8263-36ac4d280eba,Female,30
6f3005f8-1822-4aaa-90e5-c563b1427e9d,Female,35
c9cb1372-67db-4276-bbcf-415636ca9f4e,Female,66
d75f241a-b515-4eb9-8380-3545f208bc4c,Female,62
07643930-3cd8-4eb4-92da-e1a167a6e9ef,Male,63
cdf86de6-2687-4811-9d5f-4c2d0a719aa0,Female,74
eb23e344-b6a9-413e-ad0d-112d0e9ef286,Female,49
e57c5296-426e-4ece-a471-9fc4102dc0b0,Male,73
adc1cc1c-a5f9-46b7-b1ab-f87bded1d2da,Female,23
41388bab-b4d2-417e-8d26-b193653f68e8,Female,78
5bdccf8c-a7c8-4075-8c88-5d4bfe6d02b1,Male,66
6b847178-e44c-4b86-9c07-5992febaf6eb,Male,97
4f922cd9-fcf8-47cc-b0ae-4e3b57f6c43f,Female,32
73219129-2b78-4e0c-a5dc-1f623cf58ed8,Male,75
7d840632-c040-4ef1-886d-63fc1b236b9d,Female,64
4edf7340-4f7c-44d0-9db6-1c39dfe73f7c,Male,88
a6347319-701e-49a9-8c80-a86cd55807da,Male,69
af98fcd1-e3be-457d-9974-03fc07d162e9,Female,22
306ba34b-14ab-4474-95e9-2bd87ed27cc3,Male,64
76ba6907-fee6-4c3d-ac92-52d5430bf85a,Female,34
f3699c6b-f54f-4d5d-a90f-e3ea1fabac9d,Female,82
7513d31e-f1c5-49f5-aa2b-cdf5decdf6f7,Female,80
59de69e2-7aaa-4725-abb9-f844cac95995,Female,58
a5ba72ea-216e-4623-9077-ccd805cfa4ee,Female,74
3a62258d-bbc9-419f-9735-100c634554a2,Female,70
9ca4a1b3-1262-4ec2-a0ae-af4e3070d9c3,Female,36
b781ba4b-3b62-4290-bfe6-67950ee2aa4f,Female,48
5895c8eb-a1ad-4f19-bf78-7b01654a5094,Female,85
86384c6a-287c-4b3d-93a1-027413daa168,Female,37
5b29b64f-f7aa-41ae-be93-e66c8390f0bd,Male,76
56ac0aa2-3acc-4339-846e-be51a042bb9e,Male,27
ab51d71b-5963-4492-98ca-42ae2909255e,Male,59
371eb430-7b88-4a1a-a59b-e7298508e34b,Female,86
844fd954-f420-471c-9b2e-ca3cc349e444,Male,57
dfd023d2-007b-41fe-8c20-fbe7fb06d923,Male,66
1b7719e5-26b0-4c29-9c3f-65a06094c3b1,Female,42
614a8eb8-65b1-48b2-948e-a53a3e8b3227,Female,36
6940ea0b-7460-4b09-be47-93aa6302cb33,Male,42
b305428e-9e0a-4eee-be1e-45c1a897ee3c,Male,42
904eae13-d1b6-4a3a-8ab1-a2efb6c2400c,Female,52
1e140202-d4e5-48d5-9e80-9b8ad9077f62,Female,33
7994a049-0025-491d-8d74-6198ac0f30d6,Male,86
b92b6d93-a0cd-40af-93ed-d2b8a669b4a2,Female,74
f435a7df-bd6f-437d-ad47-76e9a4796d0b,Female,50
b35eb42f-9e02-440f-91dc-9bc72992ebae,Female,61
905a254b-4f72-4642-ab08-53a97d8ec1a4,Female,99
550b803a-77b7-4557-a15b-316a23599deb,Male,76
49fd290e-4627-44be-b125-45f77f10d7bc,Male,47
9a39830d-fdfc-4843-8b45-44a62007e842,Male,76
7be1ab8e-0afb-4566-82d5-d8a5209ef8fb,Male,59
7a8b368f-4159-4174-a3d1-6c40e853d52a,Female,57
61e7ad23-14ef-4984-a659-1c2534adbc55,Male,88
d554775b-2111-483b-b4b8-8d018bed05ef,Female,84
c773c9b9-6414-4f5a-8535-32dd0ca7cf94,Male,35
b0349959-11f2-4731-9946-31aafbd190d3,Female,76
5424cceb-4264-43d9-9164-9f541db63520,Female,89
3f7e4d2a-3689-49ac-b02b-89ef31de0fad,Male,66
abe08a60-9042-466f-b6f5-2b4c53349bf3,Male,54
fc1b15f7-f5e8-4e7b-99c6-6a696ab758c0,Female,67
e4a192a6-2552-464b-a18f-888f7e30639d,Female,92
4e025f28-976f-4459-993d-3b247e15d249,Female,36
9ac871dc-437f-4c5c-b416-9b577e4358e3,Female,85
aea06248-8ae8-49a5-b804-1046b0c7e610,Female,32
046b3b19-f1b8-4e2a-ba95-ecc95e757e68,Male,96
04ff14a3-e309-4dd1-bb40-06396eb959c9,Male,97
f4e8ca40-c448-4874-8100-4ed0e762412c,Female,23
e63584e8-0e7b-4eff-b569-35ee8d508399,Female,55
d79df2fd-7570-44d2-965d-94f45b036474,Male,77
84db104f-07f3-433b-92f6-46bcefb20aa6,Male,90
dfdbd8bf-d9a4-4a89-9667-e8d5f2c71274,Male,23
962b68fb-ee38-4b50-ae2a-8b1f769a76d9,Male,75
61d37cd2-2358-488d-a52c-d9f2dfa076be,Male,69
ea2ba53c-f042-4023-b2b0-7e72680e74c1,Female,99
27e207b1-4c97-48a9-a60c-9c24e4845f1f,Female,35
0399e3e2-816c-491e-bacb-da56b1e51f16,Male,58
5ceaa616-fb44-4a94-8f65-8f9547191c7d,Female,72
2dafc88a-3595-45d6-846a-9568e190b838,Male,78
db735b45-493a-420a-94fb-edab3ab00830,Male,24
68723445-f060-49e8-925b-151cf7ccd115,Female,22
fdefd05a-1300-4d09-8f4e-07ef1ca2c3f9,Male,67
d2647427-85be-48b2-b509-5fe7499f6397,Female,78
f6dc8f0e-9195-428f-bb2a-c624c27bfae4,Male,45
5de57d71-0d88-4390-92de-8862f0f40551,Female,46
78d67613-f773-42f4-9ea7-b0d69af16c95,Female,41
361b2ed2-0aee-4920-93e7-763ff2e32591,Male,59
50a7ef25-65c9-4ad7-b8bd-2813d81674b2,Male,43
07b30e98-2e07-46dd-9926-09cda350a9c7,Male,48
b8795e96-9630-4a57-9811-3b4fe0c49eb2,Female,92
d81904be-096f-4c31-bbee-472cf4b42bd8,Female,38
70aab8d4-a38c-421f-b6c9-3997093548a5,Female,45
bf01640f-cd82-4361-bcbe-089e2b0418c0,Female,87
fc9b27b2-15c3-419f-acdb-4b701fc1fd95,Male,74
d4e1a873-5044-4880-88d8-4fb2ebcedf6d,Male,76
ac573ac5-8dbc-4ae6-8531-b29fb3c3662d,Female,40
eb1d49d7-2aec-428a-95be-c4a4f4e9f56f,Male,80
474be843-b8da-4114-92ea-412eaf3d217b,Male,49
7ab850d2-3ede-4e50-82d9-e81933e5fe09,Male,44
736d11ea-dd6e-4f4c-9378-538ca19a8e61,Male,89
b879c8d3-12ad-4236-8e43-807ad4e573fd,Female,48
891656c1-0b22-4d32-b613-0bda6d175ddc,Female,51
ffebf5eb-6207-4b7e-aa35-c39826bb4d94,Male,25
356ceaba-e826-465b-96e6-a921449c1f32,Male,95
94d13a77-32c4-4a91-8b3c-0db13d681548,Male,45
2df4b6fc-bc9f-4817-9da4-c2cb7b702845,Female,71
fa894281-59e7-409e-98c0-bbf6659a2b0d,Female,94
7e67d99f-ea62-46a5-b61e-d3d779b5f7db,Male,80
6da2a020-0628-4bc5-aab8-f9e1372c98a6,Female,52
5db1fa56-c42f-4c2e-a49b-6c1ff1ffc67e,Female,35
1925d2b8-a302-4410-a4e3-2091395ac3be,Male,56
1c778d5d-6434-4cc2-8e54-e58c7cb5ad4e,Female,56
cb022359-c483-4108-a1c2-9e552d7f63f3,Male,19
6e2338c2-2365-4aa7-a944-06e891a0d58a,Male,25
6dd63603-35c8-4b6e-a379-380004374d46,Female,88
52f8da75-4a71-4874-8a53-20eb07a2e0f2,Male,28
9ad4de94-39ca-44ea-9293-973ca1ed76a3,Female,51
23fd913d-c225-4a44-8a44-913b992c9bb7,Female,32
cbc7e32a-0d8c-4c0c-9044-dfea56023872,Male,67
c7a44acf-d1ce-4ab4-96e8-91cf14403ded,Female,52
5dda6c92-583e-4924-ada2-9bbdbec8462e,Female,41
9c56ca1e-9cda-47c6-9761-cd53c86e1447,Female,70
1106becb-98a2-4b99-90bf-23960d4c61d4,Female,70
98ef4a73-6717-42de-ab84-96ebdc83cec1,Male,33
473c4cf8-9649-4c55-948b-9bb471df7a4b,Male,52
74584997-c028-4404-a033-008a75255019,Male,87
10fea4a7-1ab5-4b5d-8992-8e076a64a312,Female,65
f8caaff7-7d73-46e0-b842-2d035943988a,Female,23
9fdb17b8-5920-4bb2-9ccc-9ed0453904fd,Male,67
9073257a-4349-4516-9170-41c77d431ece,Female,43
7c55e1c1-83e9-4cc4-8b47-f9b01dad967b,Male,20
104236b7-b507-48a5-ba54-c73e8c85a0f8,Male,34
2f92df95-6cfb-4101-a3c4-6568acd0c9a4,Male,26
24bf3a42-0b36-466d-8fc9-240898c3cbec,Female,51
10b18497-16f2-4edd-953f-bf9123bbd01e,Male,29
c5fcdc3f-f2a2-4963-8c82-569a492a75fe,Male,67
82d2c638-22fa-41f0-984a-ea9c4b50d585,Female,76
c2cb794e-6902-4f92-8416-6d72d63dd3e4,Female,54
a82049b6-617f-4142-b0f6-59b66e586f1a,Female,34
0d3ee922-9925-464d-9960-072e4c0aa5d5,Female,93
e28475ed-1ddc-4e61-804b-73bb67cc320e,Male,58
575c554a-fd70-4372-a884-0829252ef91e,Male,61
6b92b746-27a1-47a5-9b91-2170da31aa72,Female,34
d7c0ca5b-6fd0-4213-89b9-7c3d04261f11,Female,62
19f3cf59-eade-4b9e-a308-e70004f95387,Female,90
a5dadb28-b153-4bcc-9182-ee8ad53f28b2,Male,33
43cd3f3a-88a9-4e5a-9c48-a08d6258e422,Female,23
3f91d66a-a0f1-416a-a7e1-19d72cc3c73f,Female,54
d50cf3c6-2259-43be-9f42-2ea8d55ac358,Female,88
791a0535-2f8e-44c2-9a45-e47dc528c2e4,Male,97
8318b666-618f-4bb2-b39d-9a6645c97a15,Male,49
33beb6d2-df93-47a6-b635-fa0f29c244b2,Male,96
f39320bb-3051-47cf-99eb-44cb8ef128ea,Male,48
3f13bf89-0cbe-488e-8bc9-b72b5922c918,Female,81
47eee708-7300-4c50-a916-d14a831a6c76,Male,58
52256d5f-da22-42c8-9532-0e00fed6d366,Female,71
fc396770-917a-4315-a60a-d289d6efb9df,Male,91
2ea0ba2d-042b-4cb7-876e-909684c24d1c,Male,34
32fd0eac-0123-4b77-8830-bdaf50bad477,Male,28
950e62fd-2a36-49df-b30a-d1f6cce242ea,Male,30
babb363f-d536-4333-a212-475dec48740f,Male,39
204394ee-aaa2-4099-830f-486fbb8f9329,Female,22
72e6ba0b-0ce5-45ae-9c23-90c7bb676388,Female,37
e3aac688-6c7f-4a5b-82ec-563551000df7,Female,25
9f8ef42f-2d56-4da8-a69b-2be201bc6a1a,Male,84
7302567f-9d8f-468b-b8f5-1270d614cb2d,Female,61
5d9aff88-31e1-45d2-9cd3-672c1f75a2d4,Female,65
0a08b64f-b7e4-4498-a8b4-d9bbaf96be94,Male,81
e1e65bf5-d17f-4175-b263-68242700d5e2,Male,89
90a962b8-b9dd-4c22-93ef-6fe37f1a4820,Male,39
63124721-fa11-43f3-b0fe-a4ce2d352f7a,Female,21
1e0267d6-b1c9-4174-87be-89eed59d7815,Female,96
d05c4fb9-5197-49ac-8e34-6e9db491e60a,Female,75
3be97e6d-ee48-47c1-938d-2c577c49db49,Male,70
bd6c9687-790f-406f-a6f6-cc9be638b031,Female,94
6810c431-1788-4870-8246-d37e117bedf1,Female,56
b1bd254e-5db4-4eab-b08c-b34b802f8684,Male,50
6a95008f-4f36-49ff-9d91-2b20509d8830,Male,98
a65a07c4-4181-4a87-898a-4d5e846fc2a5,Female,79
27e3d1f8-58ad-4cec-b720-451d5b1adb30,Female,69
eb43bed0-358d-4dbb-a13e-4cb4d1b3a3d8,Female,37
bd921de9-f63e-4f3b-8ca5-fef51e7ee960,Female,72
90f05182-2275-4e94-99c7-ff784cdf4ee7,Male,61
1dcfb85d-5e05-4fed-844e-a6bcc3060a2d,Male,55
98c652df-34da-4384-9776-de48856696bc,Female,46
09285ef2-129b-4079-a941-b2c616f3c40c,Male,48
564c435f-ba6b-4a3c-939a-f4daa92445e0,Female,29
1d11f128-520c-4ab5-b342-63efe1f1ec69,Male,98
5a78dfed-5f1a-48aa-83bf-5a6e48b23d83,Male,48
2e4f6a59-2291-4b0e-8642-5ed52e314da6,Female,20
969d551c-8b4d-4bb4-9714-c4604d24bc36,Male,58
3806db6d-2640-4fa7-8573-502c5d6b3458,Female,49
0a75f39d-d9d3-49cf-80fd-1d09458b8feb,Male,23
dc4f3d8f-e084-4e12-abfc-450c71df6b01,Male,34
456267cf-b88b-46d8-a7d5-afbf2be98aa5,Male,71
4f8791e1-c390-4bea-b0c4-3a9758ae2f62,Female,57
3b1425a1-5a70-4448-a78f-f7c5dfdc4001,Female,45
0b7cdf8b-642a-4559-af0b-5a4c631c89ae,Female,49
320dd987-9ce9-4eed-b828-90f9328dbbb2,Female,18
4205a25c-c40f-4e30-92b3-6a2d35e619b2,Female,64
5ba71445-618c-4447-bbab-1f9eaec142d3,Female,47
d8d25cac-e437-438e-89e0-b1c5da31abea,Male,39
73518a65-af6e-4ca5-b48b-44b225da65c3,Male,54
7efd0de3-e8a1-4ffd-8388-9ed54b1da394,Female,60
b60205a5-1a7a-4c12-803b-1b43880e2f33,Female,83
1ccef179-847e-4bcd-ab6f-b3af3cf367ca,Female,88
06e1b6a7-6120-42be-b9b5-4066a5637567,Female,69
bccfa05d-c5f6-4a7b-8d97-8a5e207f818e,Female,60
22acf2bc-5187-4db3-9ec0-e82384875c41,Male,21
a473d3f9-a441-4582-9943-c026759afe9b,Female,31
a2ca0b33-3bb7-4989-9340-773308d3bcb3,Female,48
dfc271c7-5f5f-4098-b521-0f5daceab2ee,Female,85
fe7013c8-4014-49d9-8b02-0b81eede4049,Female,92
40742c35-68a3-4788-90e6-3f751401c135,Male,82
c7a46369-16df-4c6f-bd78-b3b8d46a7aad,Female,25
7056bf79-4194-4d8c-8687-ea709b90bc4b,Female,79
46716490-4e8e-49c9-a3e4-e10a1f929ace,Male,49
0a6c5f7b-caf2-4f41-b957-1b0407fc3de9,Male,37
520fcfe4-1073-4f8f-bf11-83d0498b9d1f,Male,61
a075aeee-fcd7-4184-ad53-535e6faa9172,Male,18
4f306a3a-cd6f-423a-a5b9-381cd14e8eed,Female,54
6d253a4a-7021-441b-9faa-ad98b3da28cc,Male,77
1a82e446-b23a-4e77-bb46-f7ecf5089406,Male,79
3c87fece-eeec-457e-b577-c36058017563,Male,23
a1c04577-4759-4b63-b135-10aef98466cf,Male,50
f18fa8bd-c48d-47e5-bfff-81b2339fbc28,Male,92
bd925a52-9a94-4490-9783-2e9c14a3968e,Male,22
becfac87-47b5-4cc8-80a5-fe7b75a159e1,Female,36
564ef521-8e7c-4029-ba7b-34d085fbf0a7,Female,96
482a81cc-6157-4f50-bed5-6d9c2cde12c4,Male,83
02c698c6-760a-4dad-9cf0-0fb0f59108eb,Female,85
47538b16-857d-4ffe-9478-8425f0d3c3a9,Female,94
23ef0954-5989-4c8b-ac67-3fbe9aef8dad,Female,91
b41c82b2-1d90-4450-a85d-fdd8c69094f2,Male,54
00ab5c7e-5944-4209-a14e-ab09c8dea5ae,Female,97
4e3a7424-8441-45d0-af45-021fcbca7c93,Female,37
fba3e1dd-3ff8-4b2f-a344-f56794edbcc2,Male,82
d0489b3e-6be8-48a2-9057-401dba40c7a5,Female,52
4b887b4f-1ffa-4b27-b18a-f80d148c5cdf,Female,63
152c6e17-0f2b-42ef-8d46-cd4f08feb0eb,Male,24
329eeb60-ced3-49dd-89cd-39bf0c8b3880,Female,64
36c9aad0-bbb7-430f-803b-e2b2cf158ed3,Female,69
fb3f3418-04a7-4a20-90ec-8293f41530ee,Male,79
6e3c0e03-ef0a-47ac-b7f7-6931ef6bec11,Male,72
1512a440-45d4-4e55-89ca-54b817abc058,Female,66
5b463cc5-62bf-49b9-bff5-b0e0f221f3ca,Male,62
0b12c22c-29a9-470e-b986-8bbfa072e879,Female,89
766ce6cc-ec27-4672-b2a0-c094b7ea12e6,Male,22
e13dfb11-353b-4d15-a1a9-03cb01c05819,Male,27
576c4369-f943-4b3d-8d3d-c6179efa7721,Male,24
1be0e5e0-b4c2-484d-b3c2-09143d9aa075,Male,68
3d149151-7e86-4578-aed3-9d6e7c05ee77,Male,49
a6e83bdd-6e8c-4fff-8ac2-54c4817d2e1d,Male,26
82837a78-675c-4094-aa3d-e3ed2b0fdea0,Female,39
c583ce12-0637-4b79-bdf1-b3623ca7f91c,Female,30
05fa018b-fcb4-42c3-b879-bb457abd963e,Female,87
59b629a2-e1b7-4662-9a17-e387a9b07a07,Female,51
346e7ad0-f5bc-4be7-b3e4-511937c6edee,Male,36
90f3252a-6b7d-46ca-b5dc-eecfe5129dcc,Female,83
63be16d9-aa48-401f-b801-b00096622006,Female,47
2433e4f0-e354-4d5f-996c-bd7c34a5a095,Female,31
d9f26e9c-572b-43de-ba5c-cc74cd9b9b7d,Female,25
1ee54851-8d40-496e-82e4-0ec97e49855c,Male,33
71d5c4c1-0e43-4ada-b7e3-62238734a5d8,Female,60
5ef6d2f6-d13b-41e3-98a1-66c76ca50bca,Female,90
7d16c2b6-84cd-40f3-894b-f026a750a208,Male,41
1cbceb41-81b3-481b-9f7b-7fb7fe18b057,Female,22
7eec8cda-14bb-49bd-88fe-7016f198a715,Female,45
c29d0d8c-fe21-4877-9811-1ec12911db1a,Male,62
e7cfd880-4905-4bae-8b93-b215c4144e27,Female,88
1eaea965-5150-4728-bdd8-6bb55579fae2,Female,80
05589a33-57d9-4111-8482-e794e0108396,Male,37
4be15d29-e667-4f0e-bf2b-038890c45194,Female,35
f554a498-abfc-4f11-a4b8-ebd8353257f2,Male,45
8a552b45-54dc-46a2-9c12-d62e255d77fa,Male,49
341e7236-94de-4863-bac7-b6d6bbdda120,Male,61
e494d15e-24b3-4765-9198-c86e327a15a4,Female,79
71171245-8fbc-4763-a591-b589c3184a9e,Female,48
6d9eefb8-7ef0-46dc-b4b2-a1d7d030b7f1,Female,92
df27270e-54a7-4b85-b2a2-8f56c66f9a07,Male,52
dc100d34-9da0-454f-bfe0-6c33fcaada2c,Female,85
843e24d7-a27f-4734-9849-654a140becd7,Male,32
869aba79-0c87-4a86-a2ad-2daedacf13a1,Female,63
d489e50a-1c70-4178-b3b3-18cb3caafa26,Female,63
192fb61a-65b9-497b-956e-d76b07f92963,Female,58
49887538-a177-4105-b2cd-dd957259b867,Male,73
0fe4097a-1bbd-432c-aefe-a916451ba95f,Male,44
65a8cefa-c121-4f3f-abe8-a6d016bc530c,Female,32
6cabd0cd-79bf-4524-bb4b-15e59e206db9,Male,79
e6ba7bdd-6417-49d0-b1bf-7df8c1b70b20,Male,26
223d975e-a1f8-412d-8e80-b9e89a95d8c6,Female,80
ec5ac10e-2c75-4c23-b7f3-c4aef6c5bbdf,Male,48
514bccf6-9a57-48b2-bbec-d74ef4e7d09b,Male,71
40906064-0256-4ce6-90bb-6f30b15005fa,Male,66
56fe0fcc-92d9-4559-acfc-b6ca4def636e,Male,29
5a0b7a0f-e000-43c7-b3d2-bba5f7addc79,Female,51
62980bec-9275-4a17-ac69-36f4b392051b,Female,91
5717f6c9-75de-4c61-a9a7-cbd43a34beb4,Male,71
f3d6685f-766f-46dc-964b-c3ea056bcb44,Female,79
e0257bbe-3356-413d-9f00-b43991a2214e,Male,65
707ef1df-e328-403d-adbd-e33331380748,Female,66
93f009d6-301f-4052-a560-68bd2d988455,Female,60
4e2c6588-fe19-48dc-9fbb-79a32aa13739,Female,64
3829d7d0-51c4-48bf-a1fb-619f3775eac5,Female,53
39e70a76-74dc-418d-9842-0375f6f3bbb8,Female,98
2f0b6b40-ac81-44c6-b705-c1da448bf106,Female,24
9571ed7c-b493-4f45-a717-9a048304d084,Male,42
aec2532f-254e-4394-a895-4779cf515236,Male,81
d50f8efe-84c6-4ee8-83dd-406eb9033968,Female,44
106bf2ad-e64a-4674-9e1b-9e5a1f12134f,Male,61
7d5f3ca6-b52e-4426-9e68-8dc1be2c7547,Male,48
7e6e15c1-7687-4184-a179-1507c7fa3fdf,Female,25
eece92a8-1080-4a26-b332-5e392bc60824,Female,47
a2fd663f-8517-4a73-a92b-5601781032c1,Male,39
f4c4b6ca-e4b4-43a7-be7c-8b5bcd547ece,Male,79
202b85d5-d9b4-42d6-84ed-bfa80f15df01,Female,47
c9dc0867-6c91-4cf6-9a71-1b86d99fd6ab,Female,44
17d17c12-bf3b-4b7d-b9f5-755f583056b4,Female,22
b9b39031-487d-43b7-bc2c-6450a3fdf535,Male,35
a352de1c-dcd3-41ec-b75c-592085652016,Male,99
